<?xml version='1.0' encoding='UTF-8' ?>
<timeLogEntries>
  <time id="1" path="/Proyecto_Final_Galvis_D_Taborda_N/PSP0/Planning" start="@1493613027926" delta="71" interrupt="1" />
  <time id="2" path="/Proyecto_Final_Galvis_D_Taborda_N/PSP0/Planning" start="@1494102322019" delta="5" />
  <time id="3" path="/U2-L1-GalvisD/PSP0/Code" start="@1503697194480" delta="72" />
  <time id="4" path="/U2-L1-GalvisD/PSP0/Code" start="@1503703157172" delta="32" />
  <time id="5" path="/Proyecto_Final_Galvis_D_Erazo_D/PSP0/Planning" start="@1508548957388" delta="41" />
  <time id="6" path="/Proyecto_Final_Galvis_D_Erazo_D/PSP0/Code" start="@1508982458592" delta="34" />
  <time id="7" path="/Proyecto_Final_Galvis_D_Erazo_D/PSP0/Code" start="@1508985389575" delta="28" />
  <time id="8" path="/Proyecto_Final_Galvis_D_Erazo_D/PSP0/Code" start="@1508989033624" delta="44" />
  <time id="9" path="/Proyecto_Final_Galvis_D_Erazo_D/PSP0/Code" start="@1509419370839" delta="49" />
  <time id="10" path="/Proyecto_Final_Galvis_D_Erazo_D/PSP0/Design" start="@1511131519474" delta="41" />
  <time id="11" path="/Proyecto_Final_Galvis_D_Erazo_D/PSP0/Test" start="@1511134175769" delta="13" />
  <time id="12" path="/Proyecto_Final_Galvis_D_Erazo_D/PSP0/Test" start="@1511136257008" delta="12" />
  <time id="13" path="/Proyecto_Final_Galvis_D_Erazo_D/PSP0/Design" start="@1511139926159" delta="44" />
  <time id="14" path="/Proyecto_Final_Galvis_D_Erazo_D/PSP0/Test" start="@1511142578171" delta="5" />
  <time id="15" path="/Proyecto_Final_Galvis_D_Erazo_D/PSP0/Design" start="@1511142849724" delta="16" />
  <time id="16" path="/Proyecto_Final_Galvis_D_Erazo_D/PSP0/Test" start="@1511143821202" delta="8" />
  <time id="17" path="/Proyecto_Final_Galvis_D_Erazo_D/PSP0/Design" start="@1511146360492" delta="15" />
  <time id="18" path="/Proyecto_Final_Galvis_D_Erazo_D/PSP0/Test" start="@1511147288099" delta="29" />
  <time id="19" path="/Proyecto_Final_Galvis_D_Erazo_D/PSP0/Design" start="@1511152661115" delta="48" />
  <time id="20" path="/Proyecto_Final_Galvis_D_Erazo_D/PSP0/Test" start="@1511155544495" delta="15" interrupt="5" />
  <time id="21" path="/Proyecto_Final_Galvis_D_Erazo_D/PSP0/Test" start="@1511157924414" delta="9" />
  <time id="22" path="/Proyecto_Final_Galvis_D_Erazo_D/PSP0/Design" start="@1511158482726" delta="23" />
  <time id="23" path="/Proyecto_Final_Galvis_D_Erazo_D/PSP0/Test" start="@1511159889408" delta="19" />
  <time id="24" path="/Proyecto_Final_Galvis_D_Erazo_D/PSP0/Design" start="@1511161025909" delta="4" />
  <time id="25" path="/LabU2_Galvis_D/PSP0/Planning" start="@1518803112673" delta="22" />
  <time id="26" path="/LabU2_Galvis_D/PSP0/Planning" start="@1518808209983" delta="17" />
  <time id="27" path="/LabU2_Galvis_D/PSP0/Planning" start="@1518810277000" delta="83" interrupt="21" />
  <time id="28" path="/LabU3_Galvis_D/PSP0/Planning" start="@1521217962179" delta="64" />
  <time id="29" path="/LabU4_Galvis_D/PSP0/Planning" start="@1524846273565" delta="59" />
  <time id="30" path="/LabU4_Galvis_D/PSP0/Planning" start="@1525102439319" delta="21" />
  <time id="31" path="/LabU4_Galvis_D/PSP0/Code" start="@1525709318009" delta="6" />
  <time id="32" path="/LabU4_Galvis_D/PSP0/Code" start="@1525712722511" delta="28" />
  <time id="33" path="/LabU4_Galvis_D/PSP0/Planning" start="@1525491911000" delta="37" />
  <time id="34" path="/LabU4_Galvis_D/PSP0/Planning" start="@1525578324000" delta="47" />
  <time id="35" path="/LabU4_Galvis_D/PSP0/Code" start="@1526183487025" delta="30" />
  <time id="36" path="/LabU4_Galvis_D/PSP0/Code" start="@1526186218492" delta="4" />
  <time id="37" path="/LabU4_Galvis_D/PSP0/Code" start="@1526187033302" delta="5" />
  <time id="38" path="/LabU4_Galvis_D/PSP0/Code" start="@1526693852476" delta="13" />
  <time id="39" path="/LabU4_Galvis_D/PSP0/Code" start="@1526695773914" delta="49" interrupt="5" />
  <time id="40" path="/LabU4_Galvis_D/PSP0/Code" start="@1526701441184" delta="45" interrupt="2" />
  <time id="41" path="/LabU4_Galvis_D/PSP0/Code" start="@1526766546921" delta="31" interrupt="2" />
  <time id="42" path="/LabU4_Galvis_D/PSP0/Design" start="@1526784160276" delta="41" />
  <time id="43" path="/LabU4_Galvis_D/PSP0/Design" start="@1526833327928" delta="9" />
  <time id="44" path="/LabU4_Galvis_D/PSP0/Design" start="@1526837188882" delta="31" />
  <time id="45" path="/LabU4_Galvis_D/PSP0/Design" start="@1526841075550" delta="66" />
  <time id="46" path="/LabU4_Galvis_D/PSP0/Test" start="@1527023241676" delta="9" interrupt="4" />
  <time id="47" path="/LabU4_Galvis_D/PSP0/Test" start="@1527025703496" delta="2" />
  <time id="48" path="/LabU4_Galvis_D/PSP0/Test" start="@1527026364809" delta="13" />
  <time id="49" path="/LabU4_Galvis_D/PSP0/Test" start="@1527028590334" delta="120" interrupt="5" />
  <time id="50" path="/LabU4_Galvis_D/PSP0/Design" start="@1527045346806" delta="37" />
  <time id="51" path="/LabU4_Galvis_D/PSP0/Code" start="@1527370281635" delta="23" />
  <time id="52" path="/LabU4_Galvis_D/PSP0/Test" start="@1527371660286" delta="49" />
  <time id="53" path="/LabU4_Galvis_D/PSP0/Code" start="@1527471365921" delta="4" interrupt="1" />
  <time id="54" path="/LabU4_Galvis_D/PSP0/Code" start="@1527477644121" delta="12" />
  <time id="55" path="/LabU4_Galvis_D/PSP0/Code" start="@1527480601343" delta="51" interrupt="2" />
</timeLogEntries>
