<?xml version='1.0' encoding='UTF-8' ?>
<timeLogEntries>
  <time id="1" path="/Non Project/Proyecto Final/PSP0/Planning" start="@1525099013927" delta="170" />
  <time id="2" path="/Non Project/Proyecto Final/PSP0/Planning" start="@1526311465260" delta="122" />
  <time id="3" path="/Non Project/Proyecto Final/PSP0/Code" start="@1526515977126" delta="48" />
  <time id="4" path="/Non Project/Proyecto Final/PSP0/Code" start="@1526660685216" delta="82" />
  <time id="5" path="/Non Project/Proyecto Final/PSP0/Code" start="@1526947867501" delta="48" />
  <time id="6" path="/Non Project/Proyecto Final/PSP0/Code" start="@1526957375174" delta="55" />
  <time id="7" path="/Non Project/Proyecto Final/PSP0/Code" start="@1527047580790" delta="67" />
  <time id="8" path="/Non Project/Proyecto Final/PSP0/Code" start="@1527476166098" delta="160" />
  <time id="9" path="/Non Project/Proyecto Final/PSP0/Code" start="@1527560915682" delta="264" />
</timeLogEntries>
